{
    "results": {
        "tool": {
            "name": "pytest",
            "version": "8.4.1"
        },
        "summary": {
            "tests": 2,
            "passed": 2,
            "failed": 0,
            "skipped": 0,
            "pending": 0,
            "other": 0,
            "start": 1776744675.0151813,
            "stop": 1776744675.0214784
        },
        "tests": [
            {
                "name": "test_final_state.py::test_task_retry_config",
                "status": "passed",
                "duration": 0.0002457249993312871,
                "start": 1776744675.020746,
                "stop": 1776744675.0210965,
                "retries": 0,
                "file_path": "test_final_state.py"
            },
            {
                "name": "test_final_state.py::test_retry_fetch_usage",
                "status": "passed",
                "duration": 0.00016156700075953268,
                "start": 1776744675.0211906,
                "stop": 1776744675.0214105,
                "retries": 0,
                "file_path": "test_final_state.py"
            }
        ]
    }
}